"userName";"name";"email";"password";"userType"
"admin1";"John Doe";"john.doe@email.com";"adminPass01";"Admin"
"admin10";"Chloe Anderson";"chloe.anderson@email.com";"adminPass10";"Admin"
"admin2";"Jane Smith";"jane.smith@email.com";"adminPass02";"Admin"
"admin3";"Bob Johnson";"bob.johnson@email.com";"adminPass03";"Admin"
"admin4";"Emily Davis";"emily.davis@email.com";"adminPass04";"Admin"
"admin5";"Alex Wilson";"alex.wilson@email.com";"adminPass05";"Admin"
"admin6";"Sarah Miller";"sarah.miller@email.com";"adminPass06";"Admin"
"admin7";"Ryan Brown";"ryan.brown@email.com";"adminPass07";"Admin"
"admin8";"Olivia White";"olivia.white@email.com";"adminPass08";"Admin"
"admin9";"Ethan Taylor";"ethan.taylor@email.com";"adminPass09";"Admin"
"member01";"Xin Cheng";"cheng.xin@email.com";"memberPass01";"Member"
"member02";"Jie Li";"li.jie@email.com";"memberPass02";"Member"
"member03";"Yiqing Huang";"huang.yiqing@email.com";"memberPass03";"Member"
"member04";"Mason Clark";"mason.clark@email.com";"memberPass04";"Member"
"member05";"Aria Robinson";"aria.robinson@email.com";"memberPass05";"Member"
"member06";"Leo Turner";"leo.turner@email.com";"memberPass06";"Member"
"member07";"Mia Hall";"mia.hall@email.com";"memberPass07";"Member"
"member08";"Noah Turner";"noah.turner@email.com";"memberPass08";"Member"
"member09";"Lily Garcia";"lily.garcia@email.com";"memberPass09";"Member"
"member10";"Evan Smith";"evan.smith@email.com";"memberPass10";"Member"
"member11";"Ava White";"ava.white@email.com";"memberPass11";"Member"
"member12";"Liam Thompson";"liam.thompson@email.com";"memberPass12";"Member"
"member13";"Mia Davis";"mia.davis@email.com";"memberPass13";"Member"
"member14";"Owen Martin";"owen.martin@email.com";"memberPass14";"Member"
"member15";"Sophia Lewis";"sophia.lewis@email.com";"memberPass15";"Member"
"member16";"Jackson Clark";"jackson.clark@email.com";"memberPass16";"Member"
"member17";"Aria Turner";"aria.turner@email.com";"memberPass17";"Member"
"member18";"Oliver Brown";"oliver.brown@email.com";"memberPass18";"Member"
"member19";"Amelia Anderson";"amelia.anderson@email.com";"memberPass19";"Member"
"member20";"Harper White";"harper.white@email.com";"memberPass20";"Member"
"member21";"Ethan Hall";"ethan.hall@email.com";"memberPass21";"Member"
"member22";"Scarlett Miller";"scarlett.miller@email.com";"memberPass22";"Member"
"member23";"Samuel Robinson";"samuel.robinson@email.com";"memberPass23";"Member"
"member24";"Grace Taylor";"grace.taylor@email.com";"memberPass24";"Member"
"member25";"Benjamin Wilson";"benjamin.wilson@email.com";"memberPass25";"Member"
"member26";"Victoria Turner";"victoria.turner@email.com";"memberPass26";"Member"
"member27";"Leo Hall";"leo.hall@email.com";"memberPass27";"Member"
"member28";"Stella Davis";"stella.davis@email.com";"memberPass28";"Member"
"member29";"Nathan Clark";"nathan.clark@email.com";"memberPass29";"Member"
"member30";"Zoe Turner";"zoe.turner@email.com";"memberPass30";"Member"
"member31";"William Brown";"william.brown@email.com";"memberPass31";"Member"
"member32";"Ava Anderson";"ava.anderson@email.com";"memberPass32";"Member"
"member33";"Elijah White";"elijah.white@email.com";"memberPass33";"Member"
"member34";"Penelope Taylor";"penelope.taylor@email.com";"memberPass34";"Member"
"member35";"James Robinson";"james.robinson@email.com";"memberPass35";"Member"
"member36";"Lily Miller";"lily.miller@email.com";"memberPass36";"Member"
"member37";"Mason Brown";"mason.brown@email.com";"memberPass37";"Member"
"member38";"Olivia Wilson";"olivia.wilson@email.com";"memberPass38";"Member"
"member39";"Jackson Taylor";"jackson.taylor@email.com";"memberPass39";"Member"
"member40";"Amelia Davis";"amelia.davis@email.com";"memberPass40";"Member"
"member41";"Benjamin Smith";"benjamin.smith@email.com";"memberPass41";"Member"
"member42";"Sophia Hall";"sophia.hall@email.com";"memberPass42";"Member"
"member43";"Olivia Smith";"olivia.smith@email.com";"memberPass43";"Member"
